"estate_object_name","construction_adress"
" Татьянин парк","Москва, НАО, поселение Московский, Говорово дер., северо-западнее, корп. 2, 3 "
" Ново-Никольское ","П. Первомайское, вблизи д. Ивановское, уч.1/1, ГП №6"
"Некрасовка Парк","ЮВАО, район Некрасовка, квартал 7, корпус 3, секция 2, квартира № 128"
" Garden Park Эдальго","Г. Москва, НАО, поселение Сосенское, Коммунарка пос., участок 282Ю, корпус 2,"
"Некрасовка Парк","Москва, ЮВАО, район Некрасовка, кв. 7, корп. 6, примерно в 1040 м по направлению на северо-запад от ориентира северно-западная граница"
"Коммунарка 5","Московская область, Ленинский муниципальный район, сельское поселение Сосенское, пос. Коммунарка, корп. 1"
" Переделкино Ближнее","Москва, НАО, дом 3, уч. 13/2, секция 3, проектный номер 168"
" Переделкино Ближнее","Москва, НАО, поселение Внуковское, Рассказовка дер., уч. 13/2, в составе 2-ой очереди строительства, 6-й квартал жилой застройки, по СПОЗУ №8, секция 2, этаж 8, проектный номер 91, номер на площадке 3"
" Переделкино Ближнее","Москва, НАО, поселение Внуковское, Рассказовка дер.., уч.13/2, в составе 2-ой очереди строительства, 6-й квартал жилой застройки квл6 дом 3"
"Жилой район Бунинский","НАО,пос.Сосенское,д.Столбово,уч.27,корп.16,усл.№93"
" Переделкино Ближнее","НАО, поселение Внуковское, Рассказовка дер., уч.13/2, в составе 2-ой очереди строительства, 6-й квартал жилой застройки"
" Борисоглебское","Квартира находится на земельном участке с кадастровым номером 50:26:0140503:43 по адресу Москва,п Новофедоровское,д Зверево,дом171,секция В"
"Жилой микрорайон Новые Ватутинки","Московская область, Ленинский район, Десеновское сельское поселение, вблизи дер. Десна, уч. 53, д.81"
"Многоквартирный жилой дом ","Г.Москва, г.Щербинка, местечко Барыши, корп. 11"
"Мкрн. Солнцево-парк","Поселение Внуковское, д. Пыхтино, уч. 6/1, корпус 14"
" Новое Бутово","Нао пос воскресенское дер язово корп 9 кв 45"
" Татьянин парк","НАО, поселение Московский, Говорово д., северо-западнее, кор. 6, 7 "
" Новое Бутово","Г. Москва НАО, поселение Воскресенское, д. Язово, корп. 10 , секция 1, условный № кв. 4."
"Некрасовка Парк","Москва, ЮВАО ,район Некрасовка, кв-л.7,корп. 8"
" Переделкино Ближнее","НАО, поселение Внуковское, дер. Рассказовка, уч. 13/2, в составе 2-ой очереди строительства, 6-й квартал жилой застройки, секция 3, этаж 14, проектный номер 180, номер на площадке 4, количество комнат 2 дом 5"
" Татьянин парк","Г. Москва, поселение Московский, северо-западнее д. Говорово, секция 2"
" LIFE-Митинская ","Г. Москва, СЗАО, район Митино, улица Митинская, корпус В, кв. 417"
" Новое Бутово","Г. Москва, НАО, поселение Воскресенское, деревня Язово."
" Переделкино Ближнее","НАО, поселение Внуковское, Рассказовка дер., кв.5 дом 10"
" LIFE-Митинская ","Москва, СЗАО, район Митино, улица Митинская."
" Вершинино","Г. Москва, ЮАО, район Нагорный, Электролитный проезд, вл. 16, корпус 1, 5 этаж, секция 1, № на площадке 4"
" Татьянин парк ","Г Москва г Строительный адрес г Московская область п с.о. Московский д северо-западнее д. Говорово 21,22"
" Новые Ватутинки","Москва, НАО, поселение Десёновское, вблизи дер. Десна, уч. 50/8, корпус 37."
" Первый Московский","НАО, поселение Московский, Московский пос., квартал 2 микрорайон 1, секция 9подъезд) 5, проектный номер 313, № на площадке 4."
" Татьянин парк","Москва, НАО, п. Московский, северо-западнее д. Говорово, корп. 3, секция 2, условный № кв. 86. Кад. № 50:21:0110502:644."
"МФК Лайнер","Хорошевское ш., вл.38А "
" Переделкино Ближнее","НАО, поселение Внуковское, Рассказовка дер.,уч. 13/2, жилой дом №9, секция 5, этаж 10, проектный номер 292, номер на площадке 4"
" LIFE-Митинская ","СЗАО район Митино ул.Митинская"
"Жилой микрорайон Новые Ватутинки","НАО, поселение Десёновское, Десна дер., вблизи, уч. 50/8, корп. 35"
" Новое Бутово","НАО, пос Воскресенское, дер Язово корп 12 кв 36"
"Жилой микрорайон Новые Ватутинки","Москва, НАО, поселение Десеновское, Десна, уч 50/8"
" Татьянин парк ","Поселение Московский д северо-западнее д. Говорово корпус 24 квартира 202"
"Жилой район Бунинский","НАО, поселение Сосенское, деревня Столбово, вблизи уч.27, корп 9"
" Татьянин парк","НАО, поселение Московский, Говорово дер., северо-западнее, корп. 1 "
" Москва А101","Москва, НАО, поселение Сосенское, посёлок Газопровод, корп. 16"
" Переделкино Ближнее","Москва, НАО, поселение Внуковское, Рассказовка дер., кв.5. Дом № 2."
" Некрасовка Парк","Москва, ЮВАО, район Некрасовка, кв. 5, корп. 6, кв.95"
" Новые Ватутинки","Московская область, Ленинский район, Десеновское сельское поселение, вблизи дер. Десна, уч. 53"
" Английский квартал","Ул. Мытная, дом 7, стр. 1, номер 38"
" Новые Ватутинки","Московская область, Ленинский район, Десеновское сельское поселение, вблизи дер. Десна, уч. 53 , д.77"
" Ривер Парк ","Г. Москва, ул. Речников, вл. 7, корпус 10, квартира 168"
"Многоквартирный жилой дом ","Г.Москва, г.Щербинка, местечко Барыши, корп. 11, квартира 4"
" Некрасовка Парк ","2-х  секционный 25-ти этажный жилой дом с первым нежилым и верхним техническим этажами из изделий производства «ДСК 1» на базе проекта повторного применения , строительство которого осуществляется по адресу: Москва, ЮВАО, район Некрасовка, к"
" Переделкино Ближнее","НАО, поселение Внуковское, Рассказовка дер., кв. 5, жилой дом №2, секция 4, этаж 5, проектный номер 279, номер на площадке 2"
"Жилой микрорайон Новые Ватутинки","Московская область, Ленинский район, Десеновское сельское поселение, вблизи дер. Десна, уч. 53, д. № 83"
" Переделкино Ближнее","НАО, поселение Внуковское, Рассказовка дер., уч.13/2, в составе 2-ой очереди строительства, 6-й квартал жилой застройки, секция  3, проектный номер 149, номер на площадке 1. дом 4"
" Переделкино Ближнее","НАО, поселение Внуковское, Рассказовка дер.., уч.13/2, в составе 2-ой очереди строительства, 6-й квартал жилой застройки. дом № 3"
" Татьянин парк","Московская область г поселение Московский северо-западнее д Говорово 20"
" Переделкино Ближнее","НАО, поселение Внуковское, Рассказовка дер., кв.5, в составе 2-й очереди строительства, 5-й квартал жилой застройки дом 1"
" Некрасовка Парк","ЮВАО , район Некрасовка кв.5 ,корп. 6"
" LIFE-Митинская ","СЗАО, район Митино, Митинская улица, вл. 22, корпус 1, условный проектный номер квартиры 109"
" Переделкино Ближнее","НАО, поселение Внуковское, Рассказовка дер. кв.5, секция  1, проектный номер 52, номер на площадке 3. дом 3"
" Москва А101","Москва, НАО, поселение Сосенское, пос. Коммунарка, корп 13"
" Москва А101","НАО, поселение Сосенское, пос. Коммунарка"
" Ривер Парк ","Г. Москва, ЮАО, район Нагатинский затон, улица Речников, вл.7, стр.2, 2А, 3, 6, 8-10, 13, 16, 18, 23–26, 31, 45, 54, 55"
" Борисоглебское","Поселение Новофедоровское, деревня Зверево, дом 148 кв 10"
" Переделкино Ближнее","Москва, НАО, поселение Внуковское, Рассказовка дер., д. 2, кв.5."
" Зеленый бор","Г. Москва, г. Зеленоград, ул. Радио, корпус 2305, квартира № 35"
" Троицкая Ривьера","Г.о. Троицк, ул. Заречная, строительный номер 8 "
"Многоквартирный жилой дом ","Москва, г. Щербинка, местечко Барыши, корп. 11, секция 6, № на площадке 1"
" Первый Московский","НАО, поселение Московский, Московский пос., квартал 2 микрорайон 1, секция  6, проектный номер 335, № на площадке 1."
"Некрасовка Парк","Москва, ЮВАО, район Некрасовка, кв. 7, корп. 5"
"Жилой район Бунинский","Нао, поселение сосенское, деревня сталбово, уч 27, корп 12"
" Первый Московский","Москва, НАО, поселение Московский, Московский пос., квартал 2 микрорайон 1 в составе жилой застройки на земельных участках тепличного комбината № 1 (согласно Постановлениям Правительства Москвы от 25 июля 2012 г. № 352-ПП и от 25 июля 2012 года № 353-ПП а"
" Альбатрос","Г. Москва, ул. Твардовского, дом 12, корп. 3, кв.493"
" Переделкино Ближнее","Москва, НАО, поселение Внуковское, Рассказовка дер., кв.1, корп. 4.5,6,7,8,9, в составе жилой застройки 1-ая очередь 2-й пусковой комплекс"
" Некрасовка Парк ","ЮВАО, район Некрасовка, секция 2, корп. 3, Люберецкие поля аэрации , кв. 31"
" Ново-Никольское ","Г. Москва, п. Первомайское, вблизи дер. Ивановское, уч. 1/1"
" Ново-Никольское ","Г. Москва, п. Первомайское, вблизи д. Ивановское, уч. 1/1, секция 1, строительный номер квартиры 19"
" Первый Московский","НАО, поселение Московский, Московский пос.., кв. 2, мкр. 1, в составе жилой застройки на земельных участках тепличного комбината №1. Кадастровый номер земельного участка 50:21:0110205:595."
" Татьянин парк","Москва, НАО, поселение Московский, Говорово дер., северо-западнее, корп. 4, 5 , корпус 4, квартира 15"
"Многоквартирный жилой дом ","Москва, г. Щербинка, местечко Барыши, кор. 8, этаж 17, номер квартиры на площадке 7"
" Некрасовка Парк","Москва, ЮВАО, район Некрасовка, кв. 5, корп. 8, примерно в 800 м по направлению на северо-запад от ориентира северо-западная граница "
" Москва А101","Москва НАО поселение Сосенское поселок Газопровод корп 17"
" Первый Московский","НАО, поселение Московский, Московский пос., кв. 2, мкр. 1, секция  1, проектный номер 46, № на площадке 2. поз 2"
"Жилой район Бунинский","НАО, поселение Сосенское, деревня Столбово, вблизи уч. № 27, корп. 9"
" Альбатрос","Ул. Твардовского, д. 12, корп. 3, кв. 597"
"Жилой микрорайон Новые Ватутинки","НАО, поселение Десёновское, вблизи дер. Десна, уч. 50/8, корп. 35"
" Первый Московский","НАО, поселение Московский, Московский пос., квартал 2, микрорайон 1, в составе жилой застройки на земельных участках тепличного комбината №1, поз. 4, секция 3, этаж 10, проектный номер 170, № на площадке 3"
" Первый Московский","Москва, НАО, поселение Московский, Московский пос., кв. 2, мкр. 1, секция 6, проектный номер 385, № на площадке 3 поз 7"
" Переделкино Ближнее","Москва, НАО, поселение Внуковское, Рассказовка дер., кв.5 ljv 4"
"Жилой район Бунинский","Г. Москва, НАО, поселение Сосенское, деревня Столбово, вблизи уч. № 27, корп. 9,"
" Москва А101","НАО п поселение Сосенское, пос.Коммунарка  корп. 13, кв.11"
" Переделкино Ближнее","Москва, НАО, дом, 4, секция 3, этаж 13, проектный номер 174"
" Garden Park Эдальго","Москва, п. Сосенское, пос. Коммунарка, ул. Фитарёвская, д. 19"
" Первый Московский","НАО, поселение Московский, Московский пос., квартал 2 микрорайон 1, в составе жилой застройки на земельных участках тепличного комбината №1"
" Переделкино Ближнее","НАО, поселение Внуковское, Рассказовка дер., уч.13/2, секция  4, проектный номер 220. номер на площадке 4."
" Переделкино Ближнее","НАО, поселение Веуковское, Рссказовка дер., уч. 13/2,"
"Многоквартирный жилой дом ","Г. Москва г. Щербинка местечко корп. 11 ="
" Татьянин парк","НАО, поселение Московский, Говорово дер., северо-западнее, корп. 1, секция 3, порядковый номер на площадке 2, условный номер Объекта долевого строительства 160."
" Зеленый бор","Г.Москва, г.Зеленоград, корпус 2303 , кв. 25"
" Вяземское","Г. Москва, поселение Сосенское, д. Николо-Хованское"
" Лобачевский","Москва, ЗАО, район Раменки, ул.Лобачевского, вл.118, корпус 3, квартира 66"
" Переделкино Ближнее","Москва, НАО, поселение Внуковское, Рассказовка дер., уч.13/2 , кв. 303"
" Переделкино Ближнее","22-х этажный 4-х секционный индивидуальный жилой дом № 4  с подвалом и «теплым» чердаком, встроенным ИТП и нежилым помещением общественного назначения на первом этаже, строительство которого ведется по адресу: Москва, НАО, поселение Внуковско"
" Вершинино","Г. Москва, ЮАО, район Нагорный, Электролитный проезд, вл. 16, корпус 2."
" Новое Бутово","НАО пос Воскресенское дер Язово корп 10 кв 176"
"Жилой микрорайон Новые Ватутинки","НАО, пос Десеновское, Десна дер. вблизи, уч. 50/8, корп 35 кв 51"
" Переделкино Ближнее","Москва, НАО, поселение Внуковское, Рассказовка дер., уч.13/2, в составе 2-ой очереди строительства, 6-й квартал жилой застройки"
" Некрасовка Парк ","ЮВАО, район Некрасовка, кв. 5, корп. 4, Люберецкие поля аэрации "
" Вершинино","Г. Москва, ЮАО, район Нагорный, Электролитный проезд, вл. 16, корпус 4"
" Борисоглебское","Г. М-ва, поселение Новофедоровское, дер. Зверево, дом № 139, секция Г2, условный № кв. 41."
"Некрасовка Парк","Ювао район некрасовка кв. 7 корп. 10"
"Многоквартирный жилой дом ","Г. Щербинка, местечко Барыши, корп. 8"
" LIFE-Митинская ","Г. Москва. СЗАО, район Митино, ул. Митинская, корпус Б, секция 1, кв. 364"
" Первый Московский","Ленинский район, городское поселение Московский, г. Московский. Дом №5"
"Многоквартирный жилой дом ","Г. Щербинка, местечко Барыши, корп. 11"
"Многоквартирный жилой дом ","Московская область ,г. Щербинка ,местечко Барыши , д. 42, корп.11"
" Переделкино Ближнее","НАО, поселение Внуковское, Рассказовка дер., уч.13/2, в составе 2-ой очереди строительства, 6-й квартал жилой застройки, секция  2, проектный номер 66, номер на площадке 2."
" Переделкино Ближнее","Рассказовка 6 квл поз 9"
" Переделкино Ближнее","Москва, НАО, поселение Внуковское, Рассказовка дер., уч.13/2, в составе 2-ой очереди строительства, 6-й квартал жилой застройки. Кадастровый номер земельного участка 50:21:100211:685, корп.6"
" Первый Московский","Москва"
" LIFE-Митинская ","Г. Москва, СЗАО, район Митино, Митинская улица, вл. 22."
" Ново-Никольское ","П. первомайское, вблизи д.Ивановское, уч.1/1"
" Переделкино Ближнее","Москва, НАО, поселение Внуковское, Рассказовка дер., уч.13/2  номер земельного участка: 50:21:100211:685"
" Переделкино Ближнее","Москва, НАО, поселение Внуковское, Рассказовка дер., квартал 5, дом №2"
" Новые Ватутинки","НАО, поселение Десёновское, вблизи дер. Десна, уч. 50/8, корпус 34"
" Некрасовка Парк ","Москва, ЮВАО, район Некрасовка, кв. 5, корп. 1, Люберецкие поля аэрации , корпус 1, секция 5, условный номер квартиры 305"
" Новое Бутово","Город Москва, НАО, поселение Воскресенское, деревня Язово, корпус 7"
" LIFE-Митинская ","Москва , СЗАО , РАЙОН МИТИНО, Митинская улица , вл.22, корп.1"
" Бунинский","НАО, поселение Сосенское, деревня Столбово, уч. №27, корп. 12, кв.191"
" Новое Бутово","Г. Москва, поселение Воскресенское, д. Язово, корпус 5, квартира 239"
" Переделкино Ближнее","Москва, НАО, поселение Внуковское, Рассказовка дер., уч.13/2, в составе 2-ой очереди строительства, 6-й квартал жилой застройки, дом №2, секция 2 ;этаж 6; проектный номер 84; номер на площадке 4, количество комнат 2 , общая проектная площадь 63,40 кв.м."
" Вершинино","Г. Москва, ЮАО, район Нагорный, Электролитный проезд, вл. 16, корпус 3"
" Некрасовка Парк ","Г Москва АО ЮВАО, район Некрасовка кв-л 5, Люберецкие поля аэрации  корп. 1"
"Жилой район Бунинский","Посегород Москва, НАО, поселение Сосенское, вблизи д. Столбово, уч. 27. кор.10"
" Бунинский","Г. Москва, НАО, поселение Сосенское, деревня Столбово, уч. №27, корп. 12,условный номер квартиры 205, номер на площадке 1, проектной площадью 82,83 кв. м., расположенная на 14 этаже, в/во 3 секции жилого дома"
"Многоквартирный жилой дом ","Г. Москва, г. Щербинка, местечко Барыши, корп. 8 "
" Татьянин парк ","П. Московский, северо-западнее д. Говорово, корпус 21, секция 4, квартира 166"
" Переделкино Ближнее","Москва, НАО, поселение Внуковское, Рассказовка дер., уч.13/2, в составе 2-ой очереди строительства, 6-й квартал жилой застройки поз 8"
"Жилой комплекс Новые Ватутинки","Москва, НАО, поселение Десёновское, Десна дер., вблизи, уч. 50/12, корп. 2"
" Переделкино Ближнее","НАО, поселение Внуковское, Рассказовка дер., кв.5, жилая застройка 2-ая очередь. Дом № 10"
" Солнцево парк","Поселение Внуковское, д. Пыхтино, уч. 6/1, корпус 12"
"Жилой район Бунинский","Г Москва г НАО, поселение Сосенское д Столбово уч-к 27 к 9"
"Некрасовка Парк","Москва, р-н. Некрасовка, кв-л 7, к. 7"
"Апарт-отель YE`S ","Г. Москва, СЗАО, ул. Митинская, вл. 16."
"Многоквартирный жилой дом ","Г.Щербинка, местечко Барыши дом 42 корп 11"
" Новые Ватутинки","НАО, поселение Десеновское, в районе дер. Десна, уч. 53"
" Москва А101","Москва, НАО, поселение Сосенское, пос. Коммунарка. Корпус № 13."
" Переделкино Ближнее","НАО, поселение Внуковское, Рассказовка дер., уч.13/2, в составе 2-ой очереди строительства, 6-й квартал жилой застройки. Кадастровый номер земельного участка 50:21:100211:685"
" Переделкино Ближнее","НАО, поселение Внуковское, Рассказовка дер., кв.5, в составе 2-й очереди строительства, 5-й квартал жилой застройки, секция 4, проектный номер 337Ю номер на площадке 1."
" Переделкино Ближнее","НАО, поселение Внуковское, Рассказовка дер., уч.13/2 дом 6"
" Некрасовка Парк ","ЮВАО, район Некрасова, кв. 5, корп. 4, Люберецкие поля аэрации"
"Жилой район Бунинский","Г. Москва , НАО , поселение Сосенское , деревня Столбово , вблизи уч. № 27 , корп. 10"
" Лобачевский","ЗАО, район Раменки, ул.Лобачевского, вл.118"
" Новое Бутово","Г.Москва, НАО, поселение Воскресенское, деревня Язово, д.8, кв.323"
" Москва А101","Москва, НАО, поселение Сосенское, пос. Коммунарка, корп.13"
" Ривер Парк ","Москва , ногатинский затон, ул речников вл 7"
" «Эмеральд» ","Ленинский проспект, вл. 105"
" Ново-Никольское ","Наро-Фоминский район, с.п. Первомайское, вблизи д. Ивановское, уч.1/1 д № по ГП 12, кв 8"
" Москва А101","НАО, поселение Сосенское, посёлок Газопровод, корпус № 15"
" Переделкино Ближнее","Москва, НАО, поселение Внуковское, Рассказовка дер., уч.13/2, в составе 2-ой очереди строительства, 6-й квартал жилой застройки. Кадастровый номер земельного участка 50:21:100211:685"
" Переделкино Ближнее","Москва, НАО, поселение Внуковское, Рассказовка дер., уч.13/2, в составе 2-ой очереди строительства, 6-й квартал жилой застройки. Дом № 2"
" Татьянин парк ","П. Московский, северо-западнее деревни Говорово"
" LIFE-Митинская ","Г. Москва, СЗАО, район Митино, улица Митинская корус Б"
" Переделкино Ближнее","Москва, НАО, поселение Внуковское, Рассказовка дер., кв.5"
" Татьянин парк","НАО, поселение Московский, Говорово дер., северо-западнее,"
" М-Хаус","Москва ЮАО район Чертано Южное Кировоградская улица вл. 25 стр. 1,2 № квартиры 77 секция 1"
" LIFE-Митинская ","Г. Москва, СЗАО, район Митино, улица Митинская, корпус Б, условный проектный номер № 430"
" Ново-Никольское ","Г. Москва, п. Первомайское, вблизи    д. Ивановское, уч. 1/1"
" Первый Московский","Московская область, Ленинский район, городское поселение Московский, г. Московский"
" Первый Московский","Москва, НАО, поселение Московский, Московский пос.., кв. 2, мкр. 1 поз.3"
" Татьянин парк","Москва, НАО, поселение Московский, Говорово дер., северо-западнее, корп. 4, 5"
"Жилой микрорайон Новые Ватутинки","Г Москва,п. Десеновское. Нововатутинский просп,10"
" Переделкино Ближнее","НАО, поселение Внуковское, Рассказовка дер., уч.13/2 . дом № 9"
"Некрасовка Парк","Г. Москва, ЮВАО, р-н Некрасовка, кв.7, корп. 9"
" Первый Московский","Ленинский район, городское поселение Московский, г. Московский, дом №5"
" Переделкино Ближнее","НАО, поселение Внуковское, Рассказовка дер., уч.13/2, в составе 2-ой очереди строительства, 6-й квартал жилой застройки, секция  2, проектный номер 67, номер на площадке 3. поз 2"
" Переделкино Ближнее","Москва, НАО, поселение Внуковское, Рассказовка дер., уч.13/2, в составе 2-ой очереди строительства, 6-й квартал жилой застройки. Земельный участок с кадастровым номером 50:21:100211:685 дом 4"
"Многоквартирный жилой дом ","Г.Щербинка, местечко барыши, д.42, корп.15,кв.8"
"Некрасовка Парк","ЮВАО, район Некрасовка, кв. 7, корпус 3, секция 4, условный № квартиры 214"
" LIFE-Сходненская",": г. Москва, Химкинский бульвар, дом 14, корпус 3 "
" Red Side","Москва, ЦАО, район Пресненский, улица Сергея Макеева, вл. 9, ул. 2-я Черногрязская, вл. 6, Корпус № 7, подъезд № 3, лестничный блок 301, этаж 3 , условный номер Квартиры: 828 , порядковый номер Квартиры на этаже: 1"
" Переделкино Ближнее","НАО, поселение Внуковское, Рассказовка дер., кв.5, жилая застройка 2-ая очередь"
" Первый Московский","Г.Москва НАО поселение Московский Московский пос. квартал 2 микрорайон 1"
"Жилой микрорайон Новые Ватутинки","НАО, поселение Десёновское,Десна дер. вблизи, уч. 50/12,корп 6"
" Татьянин парк","НАО, поселение Московский, Говорово дер., северо-западнее, корп. 4,5"
"Жилой микрорайон Новые Ватутинки","Ленинский р-н, Десеновское сп вбдлизи дер Десна уч 53 корп 58 кв 6"
" Виноградный","Измайловский проезд, владение 1, корпус 1, квартира № 93"
" Ривер Парк ","Г. Москва, ул. Речников, вл. 7, корпус 9. квартира 151"
" Первый Московский","НАО, поселение Московский, Московский пос., кв. 2, мкр. 1, в составе жилой застройки на земельных участках тепличного комбината №1 поз 7"
"Многоквартирный жилой дом ","Г.МОСКВА Г.ЩЕРБИНКА ,МЕСТЕЧКО БАРЫШИ ,корпус 11, секция 6, 9 этаж, на площадке 1"
" Москва А101","Москва, НАО, поселение Сосенское, пос. Коммунарка, корпус 14, квартира 14-386"
" Москва А101","НАО, пос. Сосенское, пос. Газопровод корп. 16"
" Переделкино Ближнее","НАО, поселение Внуковское, Рассказовка дер., уч.13/2, в составе 2-ой очереди строительства, 6-й квартал жилой застройки, секция 3, проектный номер 181, номер на площадке 1."
" Татьянин парк","Нао поселение Московский, Говорово. дер. северо-западнее. коррп. 2,3"
" Переделкино Ближнее","НАО, поселение Внуковское, Рассказовка дер., кв.5, в составе 2-й очереди строительства, 5-й квартал жилой застройки. Кадастровый номер земельного участка 50:21:100211:678"
"Многоквартирный жилой дом ","Г.Москва, г.Щербинка, местечко Барыши, корп. 15"
" Первый Московский","НАО, поселение Московский, Московский пос., квартал 2 микрорайон 1"
" Новое Бутово","НАО пос Воскресенское дер Язово корп 12 кв 139"
" Переделкино Ближнее","НАО, поселение Внуковское, Рассказовка дер., кв.5"
" Татьянин парк","Москва, НАО, поселение Московский, Говорово дер., северо-западнее, корп. 2, 3 (кадастровый номер земельного участка 50:21:0110502:644, секция 1, усл. ном. кв. 34"
" Лобачевский","ЗАО, район РАМЕНКИ, ул Лобачевского, ал 118"
"Жилой район Бунинский","Г. Москва НАО, поселение Сосенское, деревня Столбово"
" Виноградный","Г. Москва, Измайловский проезд, владение 1, корпус 4, строительный номер квартиры 17, секция 1"
" Москва А101","Москва, НАО . поселение Сосенское . поселок Газопровод корпус 17 кв 17-117"
" Переделкино Ближнее","НАО, поселение Внуковское, Рассказовка дер., кв.5. Кадастровый номер земельного участка 50:21:100211:678"
" Первый Московский","Поселение Московский, г. Московский дом 5"
" Вершинино","ЮАО район Нагорный Электролитный проезд вл.16, корпус 1"
" Переделкино Ближнее","НАО, поселение Внуковское, Рассказовка дер., кв.1, корп. 4.5,6,7,8,9, в составе жилой застройки 1-ая очередь 2-й пусковой комплекс. Кадастровый номер земельного участка 50:21:100211:686"
"Многоквартирный жилой дом ","Г. Москва, г. Щербинка, местечко Барыши, корп. 11, секции 1, № кв на пл. 6.       Кад. № 50:61:0000000:11."
" Альбатрос","Ул. Твардовского, д.12, корп.3, кв.185"
"Некрасовка Парк","ЮВАО, район Некрасовка, кв.7, корп.6, примерно в 1040м по направлению на северо-запад от ориентира северо-западная граница"
" Переделкино Ближнее","НАО, поселение Внуковское, Рассказовка дер., уч.13/2, в составе 2-ой очереди строительства, 6-й квартал жилой застройки, секция 3, проектный номер 176, номер на площадке 4 поз 8"
" Новые Ватутинки","Москва, НАО, поселение Десёновское, вблизи дер. Десна, уч. 50/8, корпус 34"
" Переделкино Ближнее","Москва, НАО, поселение Внуковское, Рассказовка дер., уч.13/2, в составе 2-ой очереди строительства, 6-й квартал жилой застройки дом 4"
" Новое Бутово","Г Москва АО НАО п Воскресенское д Язово корп. 7"
" Переделкино Ближнее","Москва, НАО, поселение Внуковское, Рассказовка дер., уч.13/2"
" Переделкино Ближнее","НАО, поселение Внуковское, Рассказовка дер., кв. 5, в составе 2-й очереди строительства, 5-й квартал жилой застройки, жилой дом № 1"
" Ново-Никольское ","Г. Москва, п. Первомайское, вблизи д. Ивановское, уч. 1/1 дом 9"
"Квартиры-таунхаусы","МОСКВА, ПОСЕЛЕНИЕ СОСЕНСКОЕ, ВБЛИЗИ ДЕР. НИКОЛО-ХОВАНСКОЕ, УЧ.11, ДОМ 5, кв.57"
" Бутовские аллеи","Г. Москва, НАО, п. Сосенское, вблизи д. Столбово, жилые дом № 17, секция 3, условный № кв. 75. Кад. № 50:21:120311:0194."
" Переделкино Ближнее","Москва, НАО, поселение Внуковское, Рассказовка дер., уч.13/2 дом 4 квл 6"
" Переделкино Ближнее","Москва, НАО, поселение Внуковское, Рассказовка дер., уч.13/2, в составе 2-ой очереди строительства, 6-й квартал жилой застройки. Кадастровый номер земельного участка 50:21:100211:685 дом 2"
"Многоквартирный жилой дом ","Г. Щербинка м. Барыши, корп. 11"
"МФК ФЛОТИЛИЯ","Г. Москва, САО, ул. Ляпидевского, вл.1 в корпусе № 3 на 22 этаже, условный номер на этаже № 3"
" Переделкино Ближнее","НАО, поселение Внуковское, Рассказовка дер., кв.5, жилая застройка 2-ая очередь, жилой дом №10, проектный номер квартиры 12"
" Новые Ватутинки","Московская область, Ленинский район, Десеновское сельское поселение, вблизи дер. Десна, уч. 53, Многоквартирный жилой дом № 77"
"Многоквартирный жилой дом ","Г.Москва г.Щербинка местечко Барыши корп.11"
" Ривер Парк ","Ул. Речников, вл. 7. корпус №9, проектный номер квартиры 213"
" Переделкино Ближнее","НАО, поселение Внуковское, Рассказовка дер., уч.13/2, в составе 2-ой очереди строительства, 6-й квартал жилой застройки, секция 1, проектный номер 16, номер на площадке 4. поз 4"
" Вершинино","Электролитный проезд, вл. 16"
" Переделкино Ближнее","НАО , поселение Внуковское, Рассказовка дом 5"
" Новое Бутово","Ленинский район, Сосенский с/о, в районе д. Язово"
" Первый Московский","НАО, поселение Московский, Московский пос., кв. 2, мкр. 1, поз. №3, секция 1, этаж 10, проектный номер 38, № на площадке 3"
"Квартиры-таунхаусы","Г.Москва, поселение Сосенское, вблизи дер. Николо-Хованское, уч. 11, дом условный №6, усл.ном кв.21"
" Ривер Парк ","Г. Москва, ул. Речников, вл. 7, корпус 9, квартира 166"
"Многоквартирный жилой дом ","Г. Щербинка, местечко Барыши, корп. 11,в секции 4 на 5 этаже Жилого дома, номер квартиры на площадке  6"
" Переделкино Ближнее","НАО, поселение Внуковское, Рассказовка дер., кв.1, корп. 4.5,6,7,8,9 дом 5"
" Татьянин парк","Москва, НАО, поселение Московский, Говорово дер., северо-западнее, корп. 1 "
" Москва А101","НАО, поселение Сосенское, пос. Коммунарка, корпус 14, кв.14-102"
" Некрасовка Парк ","ЮВАО, район Некрасовка, кв. 5, корп. 1, Люберецкие поля аэрации , квартира 198"
"Многоквартирный жилой дом ","Г.Москва,г.Щербинка,местечко Барыши,корпус 11, секция 5, этаж 12, кв на площадке 6"
" Первый Московский","НАО, поселение Московский, Московский пос., квартал 2 микрорайон 1 в составе жилой застройки на земельных участках тепличного комбината № 1 дом 9"
" Первый Московский","Москва, НАО, поселение Московский, Московский пос., квартал 2 микрорайон 1, дом №4,подъезд 4, этаж 12, проектный номер 243; количество комнат 2;"
" Переделкино Ближнее","НАО, поселение Внуковское, Рассказовка дер., кв.5. Кадастровый  номер земельного участка: 50:21:100211:678 дом 2"
"24608"," Рутаун"
" Татьянин парк","Ленинский район, городское поселение Московский, северо-западнее д. Говорово"
"Многоквартирный жилой дом ","Г. Щербинка, местечко Барыши, корпус 11."
" Москва А101","Г. Москва,НАО,поселение Сосенское,поселок Газопровод, корпус 17, секция 1, кв.17-18"
" Первый Московский","Г Москва, НАО, поселение Московский, Московский пос, квартал 2, микрорайон 1, дом 4"
" Некрасовка Парк","Москва, ЮВАО, район Некрасовка, кв. 7, корп. 5, примерно в 1040 м по направлению на северо-запад от ориентира северно-западная граница,усл.номер кв.66"
" Переделкино Ближнее","Москва, НАО, поселение Внуковское, Рассказовка дер., уч.13/2 (в составе 2-ой очереди строительства, 6-й квартал жилой застройки,секция 5, проектный номер 262"
" Ривер Парк ","ЮАО, район Нагатинский затон, улица Речников, вл. 7, стр2"
"Многоквартирный жилой дом ","Г. Щербинка, местечко Барыши, дом 42, корп. 15"
"Малоэтажный многоквартирный жилой дом","Дер. Каменка, уч. 51, Дом № 1, корпус 2 , квартира 4."
" Первый Московский","Москва, НАО, поселение Московский, Московский пос., квартал 2 микрорайон 1, в составе жилой застройки на земельных участках тепличного комбината №1 (согласно Постановлениям Правительства Москвы от 25 июля 2012 г. № 352-ПП и от 25 июля 2012 года № 353-ПП а"
" Переделкино Ближнее","Москва,НАО,поселение Внуковское,Рассказовка дер.,кв.5 поз 4"
" Ривер Парк ","Г. Москва, ул. Речников, вл. 7, корпус 8, квартира 7"
" Переделкино Ближнее","Москва, НАО, поселение Внуковское, Рассказовка дер., уч.13/2, в составе 2-ой очереди строительства, 6-й квартал жилой застройки, секция 3, проектный номер 192, номер на площадке 4"
" LIFE-Митинская ","Г.Москва, ул.Митинская."
" LIFE-Митинская ","Г. Москва, Пятницкое шоссе, д. 21 "
" Переделкино Ближнее","Рассказовка"
" Москва А101 ","Поселение Сосенское, пос. Коммунарка корпус №11"
" Зеленый бор","Г.Москва, г.Зеленоград, корпус 2301"
" Москва А101","Г. Москва, НАО, поселение Сосенское, пос. Коммунарка, корпус №12, условный номер Объекта 12-17"
" Переделкино Ближнее","Москва, НАО, поселение Внуковское, Рассказовка дер., кв.5, в составе 2-й очереди строительства, 5-й квартал жилой застройки. Кадастровый номер земельного участка 50:21:100211:678"
" Некрасовка Парк ","Москва, ЮВАО, район Некрасовка, кв.5, корп.2, Люберецкие поля аэрации "
" Москва А101","Москва, НАО, поселение Сосенское, посёлок Газопровод, корпус 16. порядковый номер квартиры 14"
" Татьянин парк","НАО, поселение Московский, Говорово дер., северо-западнее, корп. 4, 5, секция 2, порядковый номер на площадке 1, условный номер Объекта долевого строительства 107."
" Татьянин парк","Поселение Московский, северо-западнее д Говорово"
" Переделкино Ближнее","Москва, НАО, поселение Внуковское, Рассказовка дер., кв.5, жилая застройка 2-ая очередь. Кадастровый номер земельного участка 50:21:100211:678, секция 1, проектный номер 17, номер на площадке 1"
" Москва А101","Город Москва, поселение Сосенское, пос. Коммунарка,корп.13,условный № кв.13-279,секция 4"
" Переделкино Ближнее","Москва, НАО, поселение Внуковское, Рассказовка дер., уч.13/2 (в составе 2-ой очереди строительства, 6-й квартал, секция 1"
" Борисоглебское","Поселение Новофедоровское, деревня Зверево, д.179, №12"
" Татьянин парк ","Г. Москва, п. Московский, северо-западнее д. Говорово, корпус №21, секция 2, кв. 79."
" Ново-Никольское ","5-ти секционный 9-ти этажный многоквартирный жилой дом № по ГП: 4, расположенный по адресу: г. Москва, п. Первомайское, вблизи, д. Ивановское, уч. 1/1, секция 5, строительный номер 169"
" Первый Московский","Москва, НАО, поселение Московский, Московский пос., квартал 2 микрорайон 1. дом №4"
" Переделкино Ближнее","НАО, поселение Внуковское, Рассказовка дер., уч.13/2, секция  4, проектный номер 210, номер на площадке 2. поз 9 квл 6"
" Лобачевский","Г.Москва, ЗАО, район Раменки, ул.Лобачевского, вл.118"
" Первый Московский","Москва, НАО, поселение Московский, Московский пос., квартал 2 микрорайон 1"
" «Эмеральд» ","Г. Москва, Ленинский пр-кт, вл. 105, секция -В, усл. № кв. 118."
" Переделкино Ближнее","Москва, НАО, поселение Внуковское, Рассказовка дер., уч.13/2, в составе 2-ой очереди строительства, 6-й квартал"
" Борисоглебское","Г. Москва, поселение Новофедоровское, деревня Зверево, дом  № 159"
" Москва А101","Москва,НАО ,поселение Сосенское ,пос.Коммунарка, кор.13,секция 2, кв.13"
" Кристалл","Район Левобережный, микрорайон 2В, корпус 8 а"
" Вершинино","Г. Москва, ЮАО, район Нагорный, Электролитный проезд, вл. 16, корпус 2"
"Некрасовка Парк","Г. Москва, ЮВАО, район Некрасовка, кв.7, корп.8, примерно в 1040 м по направлению на северо-запад от ориентира северо-западная граница, екция 1, условный номер квартиры 110"
"Жилой комплекс Новые Ватутинки","Г. Москва, НАО, п. Десёновское, вблизи д. Десна, уч. 50/12, корп. 2, секция № 4, проектный № кв. 169."
" Переделкино Ближнее","НАО, поселение Внуковское, Рассказовка дер., уч.13/2, в составе 2-ой очереди строительства, 6-й квартал жилой застройки, секция  2, проектный номер 74, номер на площадке 2. дом 5"
" Ново-Никольское ","Г. Москва, п. Первомайское, вблизи д. Ивановское, уч. 1/1, дом 19"
"Жилой район Бунинский","Г.Москва,НАО,поселение Сосенское,деревня Столбово,уч.№27 корп.12, кв.6"
" Переделкино Ближнее","Москва рассказовка квл 6 дом 5"
" Первый Московский","НАО, поселение Московский, Московский пос.., кв. 2, мкр. 1, секция 2, проектный номер 92, № на площадке 2."
" Переделкино Ближнее","Москва, НАО, поселение Внуковское, Рассказовка дер., уч.13/2, в составе 2-ой очереди строительства, 6-й квартал жилой застройки. Кадастровый номер земельного участка 50:21:100211:685, секция 2, проектный номер 78, номер на площадке 2"
" Ривер Парк ","Г. Москва, ул. Речников, вл. 7, корпус 8, квартира 14"
" Москва А101","НАО, поселение Сосенское, посёлок Газопровод корп 15"
" Переделкино Ближнее","НАО, поселение Внуковское, Рассказовка дер., кв.5., секция 1, проектный номер 55, номер на площадке 1"
" Новые Ватутинки","Москва, НАО, поселение Десёновское, вблизи дер. Десна, уч. 50/8, корпус 33."
" Некрасовка Парк ","ЮВАО, район Некрасовка, кв 5, корп. 1"
"Многоквартирный жилой дом ","Г.Москва, г.Щербинка, местечко Барыши, корп. 15 "
" Борисоглебское","Г. Москва, поселение Новофедоровское, деревня Зверево, дом № 147 , строительный номер квартиры 57"
" Переделкино Ближнее","Москва, НАО, поселение Внуковское, Рассказовка, дер. , кв. 5, 22-х этажный 4-х секционный индивидуальный жилой дом № 3 "
"Жилой микрорайон Новые Ватутинки","Ленинский район, Десеновское сельское поселение, вблизи дер.Десна, уч.53, жилой дом №68, кв.1"
"Многоквартирный жилой дом ","Г.Москва, г.Щербинка, местечко Барыши, корп. 11."
"Жилой микрорайон Новые Ватутинки","МО, Ленинский район, с. п. Десеновское, вблизи д. Десна / г. М-ва, поселение Десеновское, вблизи д. Десна, уч. 53, дом 10, секция № 3, проектный № кв. 23.  Кад. № 77:17:0140308:96."
"Жилой район Бунинский","Г. Москва, поселение Сосенское, вблизи д. Столбово, уч.27, кор.9, квартира 178"
" Ново-Никольское ","П. Первомайское, вблизи    д. Ивановское, уч. 1/1, строительный номер квартиры 8"
"Многоквартирный жилой дом ","ГОРОД МОСКВА, Г.ЩЕРБИНКА, МЕСТЕЧКО БАРЫГИ, КОРПУС 11, секция 7, 11 этаж, номер кв. на площадке 2"
" Переделкино Ближнее","НАО, поселение Внуковское, Рассказовка дер., уч.13/2, в составе 2-ой очереди строительства, 6-й квартал жилой застройки, секция  6, проектный номер 352, номер на площадке 4. поз 8"
" Татьянин парк","Поселение Московский, северо-западнее д. Говорово, секция 2, порядковый номер на площадке 2, условный номер объекта долевого строительства 123 корп.1"
" Вершинино","Москва, ЮАО, район Нагорный, электропролитный проезд, вл.16, корп 3,секция 4, 3 этаж, кв на площадке 2"
" Некрасовка Парк ","ЮВАО, район Некрасовка, кв. 5, корп. 1, Люберецкие поля аэрации "
" Новое Бутово","Ленинский район, Сосенский с/о, в районе д. Язово корп.№7"
" Первый Московский","Москва, НАО, поселение Московский, Московский пос., кв. 2, мкр. 1, в составе жилой застройки на земельных участках тепличного комбината №1. Земельный участок с кадастровым номером 50:21:0110205:595 дом 7"
" Москва А101","Москва, НАО, поселение Сосенское, пос. Коммунарка"
" Ново-Никольское ","Наро-Фоминский р-н, с.п. Первомайское, вблизи дер. Ивановское, уч. 1/1"
" Москва А101","НАО, поселение Сосенское, пос.Коммунарка, условный номер 8-206, номер секции 3, порядковый номер на этаже 13."
" Первый Московский","Москва, НАО, поселение Московский, Московский пос.., кв. 2, мкр. 1,"
" Зеленый бор","Зеленоград ул. Радио корп. 2305"
" Лобачевский","Г. Москва, Раменки р-он, ул.Лобачевского, вл.118"
" Лобачевский","Москва, ЗАО, район Раменки, ул.Лобачевского, вл.118"
" Москва А101","НАО, поселение Сосенское, пос Коммунарка, корпус 8"
" Новое Бутово","НАО, поселение Воскресенское, деревня Язово корп.7"
" Ново-Никольское ","П. Первомайское, близи дер. Ивановское,уч. 1/1, дом по ГП 8, секция 3, строительный 82"
" Бунинский","Г. Москва, НАО, поселение Сосенское, деревня Столбово, уч. №27, корп. 12"
" Первый Московский","НАО, поселение Московский, Московский пос., квартал 2 микрорайон 1, секция  7, проектный номер 404. № на площадке 2."
" Вершинино","Москва, ЮАО, район Нагорный, Электролитный проезд, владение 16, корпус 3 секция 2, номер кв. на площадке 2"
" Переделкино Ближнее","НАО, поселение Внуковское, Рассказовка дер. кв.5, секция  4, проектный номер 307, номер на площадке4. д.3"
"Некрасовка Парк","ЮВАО РАЙОН НЕКРАСОВКА КВ 7 КОРП 8 ПРИМЕРНО В 1040 М ПО НАПРАВЛЕНИЮ НА СЕВЕРО-ЗАПАД ОТ ОРИЕНТИРА СЕВЕРО-ЗАПАДНАЯ ГРАНИЦА"
" Новые Ватутинки","Москва, НАО, поселение Десёновское, вблизи дер. Десна, уч. 50/8, корпус 37,секция - 1, этаж - 9, номер на площадке - 3, проектный номер – 31,количество комнат – 1"
" Переделкино Ближнее","НАО, поселение Внуковское, Рассказовка дер., уч. 13/2, в составе 2-ой очереди строительства, 6-й квартал жилой застройки."
" Вершинино","МОСКВА, ЮАО, РАЙОН НАГОРНЫЙ, ЭЛЕКТРОЛИТНЫЙ ПРОЕЗД, ВЛ. 16,КОРП. 4,"
" Новое Бутово","НАО, поселение Воскресенское, деревня Язово, корпус 8"
"Многоквартирный жилой дом ","Г. Москва, г. Щербинка, местечко Барыши, дом 42, корп. 15 "
" LIFE-Митинская ","Г. Москва, СЗАО, район Митино, улица Митинская, корпус Б, квартира 313"
" Москва А101","Московская область, Ленинский муниципальный район, сельское поселение Сосенское, вблизи д. Бачурино"
" Red Side","Москва, ЦАО , район Пресненский,улица Сергея Макеева ,вл.9,ул.2-я Черногрязская , вл.6"
" LIFE-Митинская ","Г. Москва, СЗАО, район Митино, улица Митинская."
" Переделкино Ближнее","17-ти этажный 6-ти секционный жилой дом № 6 серии П44Т , Москва, НАО, поселение Внуковское, Рассказовка дер., уч.13/2, в составе 2-ой очереди строительства, 6-й квартал жилой застройки, кв. 182"
" Белый парк","Город Москва, Северный административный округ, район Левобережный, микрорайон № 2А, корпус 41-42-43"
" Переделкино Ближнее","Москва, НАО, поселение Внуковское, Рассказовка дер., уч.13/2, в составе 2-ой очереди строительства, 6-й квартал жилой застройки, д.8"
"Жилой микрорайон Новые Ватутинки","Ленинский район, Десеновское сельское поселение, вблизи дер. Десна, уч. 53"
" Бунинский","НАО, поселение Сосенское, деревня Столбово, уч.№ 27, корп.12, кв.40"
" Переделкино Ближнее","НАО, поселение Внуковское, Рассказовка дер., кв.5, жилая застройка 2-ая очередь, секция  4, проектный номер 214, номер на площадке 2. дом 10"
" Переделкино Ближнее","НАО, поселение Внуковское, Рассказовка дер., кв.5, секция 3, проектный номер 181, номер на площадке 2"
" Переделкино Ближнее","НАО, поселение Внуковское, дер. Рассказовка, уч. 13/2, секция 1, этаж 13, проектный номер 47, номер на площадке 3 квл 6 поз 9"
" Москва А101","Москва, НАО, поселение Сосенское, пос. Коммунарка. корпус 14, квартира 14-332"
" Переделкино Ближнее","НАО, поселение Внуковское, Рассказовка дер., уч.13/2, в составе 2-ой очереди строительства, 6-й квартал жилой застройки, секция  1, проектный номер 1, номер на площадке 1."
" LIFE-Митинская ","Пятницкое шоссе, д. 21, кв. 573"
" Некрасовка Парк","ЮВАО, район Некрасовка, кв 5 корп 7 квартира 136"
" Red Side","Москва, ЦАО, район Пресненский, улица Сергея Макеева, вл. 9, ул. 2-я Черногрязская, вл. 6"
" Переделкино Ближнее","НАО, поселение Внуковское, Рассказовка дер, 13/2, в составе 2-ой очереди строительсвтва, 6-й квартал жилой застройки."
"Квартиры-таунхаусы","ГОРОД МОСКВА, ПОСЕЛЕНИЕ СОСЕНСКОЕ, ВБЛИЗИ ДЕР. НИКОЛО-ХОВАНСКОЕ, УЧ. 11, ДОМ УСЛОВНЫЙ №2"
" Борисоглебское","Г. Москва, поселение Новофедоровское, деревня Зверево, дом № 139, квартира 97"
" LIFE-Митинская ","СЗАО, район Митино, Митинская улица, вл. 22, корпус 1, секция 1, условный проектный № 2."
" Борисоглебское","Г.Москва, поселение Новофедоровское, деревня Зверево, дом № 159"
" Ново-Никольское ","Г. Москва, п. Первомайское, вблизи д. Ивановское, уч. 1/1"
" Кристалл","Район Левобережный, микрорайон 2В, корпус 8 а, б,секция 2,Этаж 14,условный номер квартиры 238"
" Татьянин парк","Москва, НАО, поселение Московский, Говорово д., северо-западнее, кор. 6, 7 , секция 1, порядковый номер 1, условный номер 52"
" Первый Московский","НАО, поселение Московский, Московский пос.., кв. 2, мкр. 1, в составе жилой застройки на земельных участках тепличного комбината №1, секция 3, проектный номер 155, № на площадке 1"
" Переделкино Ближнее","НАО, поселение Внуковское, Рассказовка дер., уч.13/2, в составе 2-ой очереди строительства, 6-й квартал жилой застройки, секция 2, проектный номер 98, номер на площадке 2. дом 6"
" Кристалл","Г Москва АО САО, район Левобережный мкр 2В корп. 8 а,б"
"Кронбург","Ленинский р-н, с.п. Воскресенское, д. Губкино, ул. Кронбургская, владение 16"
" LIFE-Митинская ","Г. Москва, СЗАО, район Митино, улица Митинская, корпус Б, квартира 236"
" Переделкино Ближнее","НАО, поселение Внуковское, Рассказовка дер., уч. 13/2. в составе 2-ой очереди строительства, 6-й квартал жилой застройки, жилой дом №1, секция 5, этаж 3, проектный номер 262, номер на площадке 2"
" Первый Московский","НАО, поселение Московский, Московский пос., квартал 2 микрорайон 1, в составе жилой застройки на земельных участках тепличного комбината №1 дом 4"
" Переделкино Ближнее","Москва, НАО, поселение Внуковское, Рассказовка дер., кв.5, жилая застройка 2-ая очередь. Кадастровый номер земельного участка 50:21:100211:678 дом 10"
" Ривер Парк ","Г. Москва, ул. Речников, вл. 7, корпус 10, квартира 72"
"Жилой микрорайон Новые Ватутинки","НАО, поселение Десёновское, дер. Десна.ю вблизи уч. 50/8, корп. 35"
" Некрасовка Парк ","ЮВАО, район Некрасовка, кв. 5, корп. 3, Люберецкие поля аэрации "
" Переделкино Ближнее","Москва, НАО, п. Внуковское, д. Рассказовка, уч. 13/2, 6-й квартал, секция 3, проектный номер 190 поз 5"
"Коммунарка 6","Г Ленинский район г с/п Сосенское п пос. Коммунарка"
" LIFE-Митинская ","Ул.Митинская, корпус В"
" Ривер Парк ","Г. Москва, ул. Речников, вл. 7, корпус 9, квартира 201"
"Многоквартирный жилой дом ","Москва, г. Щербинка, местечко Барыши, корп 11, кв.4"
" Новое Бутово","Московская область, Ленинский район, Сосенский с/о, в районе д. Язово"
" Переделкино Ближнее","Москва, НАО, поселение Внуковское, Рассказовка дер.., уч.13/2 поз 3"
